item_type,item_id,owner,wave,batch,status
route,ROUTE-0001,api-service,A2,BATCH-A2-ROUTES,verified-source-anchored
route,ROUTE-0002,api-service,A2,BATCH-A2-ROUTES,verified-source-anchored
route,ROUTE-0003,api-service,A2,BATCH-A2-ROUTES,verified-source-anchored
route,ROUTE-0004,api-service,A2,BATCH-A2-ROUTES,verified-source-anchored
route,ROUTE-0005,api-service,A2,BATCH-A2-ROUTES,verified-source-anchored
route,ROUTE-0006,api-service,A2,BATCH-A2-ROUTES,verified-source-anchored
route,ROUTE-0007,api-service,A2,BATCH-A2-ROUTES,verified-source-anchored
route,ROUTE-0008,api-service,A2,BATCH-A2-ROUTES,verified-source-anchored
route,ROUTE-0009,api-service,A2,BATCH-A2-ROUTES,verified-source-anchored
route,ROUTE-0010,api-service,A2,BATCH-A2-ROUTES,verified-source-anchored
route,ROUTE-0011,api-service,A2,BATCH-A2-ROUTES,verified-source-anchored
route,ROUTE-0012,api-service,A2,BATCH-A2-ROUTES,verified-source-anchored
route,ROUTE-0013,api-service,A2,BATCH-A2-ROUTES,verified-source-anchored
route,ROUTE-0014,api-service,A2,BATCH-A2-ROUTES,verified-source-anchored
route,ROUTE-0015,api-service,A2,BATCH-A2-ROUTES,verified-source-anchored
route,ROUTE-0016,api-service,A2,BATCH-A2-ROUTES,verified-source-anchored
route,ROUTE-0017,api-service,A2,BATCH-A2-ROUTES,verified-source-anchored
route,ROUTE-0018,api-service,A2,BATCH-A2-ROUTES,verified-source-anchored
route,ROUTE-0019,api-service,A2,BATCH-A2-ROUTES,verified-source-anchored
route,ROUTE-0020,api-service,A2,BATCH-A2-ROUTES,verified-source-anchored
route,ROUTE-0021,api-service,A2,BATCH-A2-ROUTES,verified-source-anchored
route,ROUTE-0022,api-service,A2,BATCH-A2-ROUTES,verified-source-anchored
route,ROUTE-0023,api-service,A2,BATCH-A2-ROUTES,verified-source-anchored
route,ROUTE-0024,api-service,A2,BATCH-A2-ROUTES,verified-source-anchored
route,ROUTE-0025,api-service,A2,BATCH-A2-ROUTES,verified-source-anchored
route,ROUTE-0026,api-service,A2,BATCH-A2-ROUTES,verified-source-anchored
route,ROUTE-0027,api-service,A2,BATCH-A2-ROUTES,verified-source-anchored
route,ROUTE-0028,api-service,A2,BATCH-A2-ROUTES,verified-source-anchored
route,ROUTE-0029,api-service,A2,BATCH-A2-ROUTES,verified-source-anchored
route,ROUTE-0030,api-service,A2,BATCH-A2-ROUTES,verified-source-anchored
route,ROUTE-0031,api-service,A2,BATCH-A2-ROUTES,verified-source-anchored
route,ROUTE-0032,api-service,A2,BATCH-A2-ROUTES,verified-source-anchored
route,ROUTE-0033,api-service,A2,BATCH-A2-ROUTES,verified-source-anchored
route,ROUTE-0034,api-service,A2,BATCH-A2-ROUTES,verified-source-anchored
route,ROUTE-0035,api-service,A2,BATCH-A2-ROUTES,verified-source-anchored
route,ROUTE-0036,api-service,A2,BATCH-A2-ROUTES,verified-source-anchored
route,ROUTE-0037,api-service,A2,BATCH-A2-ROUTES,verified-source-anchored
route,ROUTE-0038,api-service,A2,BATCH-A2-ROUTES,verified-source-anchored
route,ROUTE-0039,api-service,A2,BATCH-A2-ROUTES,verified-source-anchored
route,ROUTE-0040,api-service,A2,BATCH-A2-ROUTES,verified-source-anchored
route,ROUTE-0041,api-service,A2,BATCH-A2-ROUTES,verified-source-anchored
route,ROUTE-0042,api-service,A2,BATCH-A2-ROUTES,verified-source-anchored
route,ROUTE-0043,api-service,A2,BATCH-A2-ROUTES,verified-source-anchored
route,ROUTE-0044,api-service,A2,BATCH-A2-ROUTES,verified-source-anchored
route,ROUTE-0045,api-service,A2,BATCH-A2-ROUTES,verified-source-anchored
route,ROUTE-0046,api-service,A2,BATCH-A2-ROUTES,verified-source-anchored
route,ROUTE-0047,api-service,A2,BATCH-A2-ROUTES,verified-source-anchored
route,ROUTE-0048,api-service,A2,BATCH-A2-ROUTES,verified-source-anchored
route,ROUTE-0049,api-service,A2,BATCH-A2-ROUTES,verified-source-anchored
route,ROUTE-0050,api-service,A2,BATCH-A2-ROUTES,verified-source-anchored
route,ROUTE-0051,api-service,A2,BATCH-A2-ROUTES,verified-source-anchored
route,ROUTE-0052,api-service,A2,BATCH-A2-ROUTES,verified-source-anchored
route,ROUTE-0053,api-service,A2,BATCH-A2-ROUTES,verified-source-anchored
route,ROUTE-0054,api-service,A2,BATCH-A2-ROUTES,verified-source-anchored
route,ROUTE-0055,api-service,A2,BATCH-A2-ROUTES,verified-source-anchored
route,ROUTE-0056,api-service,A2,BATCH-A2-ROUTES,verified-source-anchored
route,ROUTE-0057,api-service,A2,BATCH-A2-ROUTES,verified-source-anchored
route,ROUTE-0058,api-service,A2,BATCH-A2-ROUTES,verified-source-anchored
route,ROUTE-0059,api-service,A2,BATCH-A2-ROUTES,verified-source-anchored
route,ROUTE-0060,api-service,A2,BATCH-A2-ROUTES,verified-source-anchored
route,ROUTE-0061,api-service,A2,BATCH-A2-ROUTES,verified-source-anchored
route,ROUTE-0062,api-service,A2,BATCH-A2-ROUTES,verified-source-anchored
route,ROUTE-0063,api-service,A2,BATCH-A2-ROUTES,verified-source-anchored
route,ROUTE-0064,api-service,A2,BATCH-A2-ROUTES,verified-source-anchored
route,ROUTE-0065,api-service,A2,BATCH-A2-ROUTES,verified-source-anchored
route,ROUTE-0066,api-service,A2,BATCH-A2-ROUTES,verified-source-anchored
route,ROUTE-0067,api-service,A2,BATCH-A2-ROUTES,verified-source-anchored
route,ROUTE-0068,api-service,A2,BATCH-A2-ROUTES,verified-source-anchored
route,ROUTE-0069,api-service,A2,BATCH-A2-ROUTES,verified-source-anchored
route,ROUTE-0070,api-service,A2,BATCH-A2-ROUTES,verified-source-anchored
route,ROUTE-0071,api-service,A2,BATCH-A2-ROUTES,verified-source-anchored
route,ROUTE-0072,api-service,A2,BATCH-A2-ROUTES,verified-source-anchored
route,ROUTE-0073,api-service,A2,BATCH-A2-ROUTES,verified-source-anchored
route,ROUTE-0074,api-service,A2,BATCH-A2-ROUTES,verified-source-anchored
route,ROUTE-0075,api-service,A2,BATCH-A2-ROUTES,verified-source-anchored
route,ROUTE-0076,api-service,A2,BATCH-A2-ROUTES,verified-source-anchored
route,ROUTE-0077,api-service,A2,BATCH-A2-ROUTES,verified-source-anchored
route,ROUTE-0078,api-service,A2,BATCH-A2-ROUTES,verified-source-anchored
route,ROUTE-0079,api-service,A2,BATCH-A2-ROUTES,verified-source-anchored
route,ROUTE-0080,api-service,A2,BATCH-A2-ROUTES,verified-source-anchored
route,ROUTE-0081,api-service,A2,BATCH-A2-ROUTES,verified-source-anchored
route,ROUTE-0082,api-service,A2,BATCH-A2-ROUTES,verified-source-anchored
route,ROUTE-0083,api-service,A2,BATCH-A2-ROUTES,verified-source-anchored
route,ROUTE-0084,api-service,A2,BATCH-A2-ROUTES,verified-source-anchored
route,ROUTE-0085,api-service,A2,BATCH-A2-ROUTES,verified-source-anchored
route,ROUTE-0086,api-service,A2,BATCH-A2-ROUTES,verified-source-anchored
route,ROUTE-0087,api-service,A2,BATCH-A2-ROUTES,verified-source-anchored
route,ROUTE-0088,api-service,A2,BATCH-A2-ROUTES,verified-source-anchored
route,ROUTE-0089,api-service,A2,BATCH-A2-ROUTES,verified-source-anchored
route,ROUTE-0090,api-service,A2,BATCH-A2-ROUTES,verified-source-anchored
route,ROUTE-0091,api-service,A2,BATCH-A2-ROUTES,verified-source-anchored
route,ROUTE-0092,api-service,A2,BATCH-A2-ROUTES,verified-source-anchored
route,ROUTE-0093,api-service,A2,BATCH-A2-ROUTES,verified-source-anchored
route,ROUTE-0094,api-service,A2,BATCH-A2-ROUTES,verified-source-anchored
route,ROUTE-0095,api-service,A2,BATCH-A2-ROUTES,verified-source-anchored
route,ROUTE-0096,api-service,A2,BATCH-A2-ROUTES,verified-source-anchored
route,ROUTE-0097,api-service,A2,BATCH-A2-ROUTES,verified-source-anchored
route,ROUTE-0098,api-service,A2,BATCH-A2-ROUTES,verified-source-anchored
route,ROUTE-0099,api-service,A2,BATCH-A2-ROUTES,verified-source-anchored
route,ROUTE-0100,api-service,A2,BATCH-A2-ROUTES,verified-source-anchored
route,ROUTE-0101,api-service,A2,BATCH-A2-ROUTES,verified-source-anchored
route,ROUTE-0102,api-service,A2,BATCH-A2-ROUTES,verified-source-anchored
route,ROUTE-0103,api-service,A2,BATCH-A2-ROUTES,verified-source-anchored
route,ROUTE-0104,api-service,A2,BATCH-A2-ROUTES,verified-source-anchored
route,ROUTE-0105,api-service,A2,BATCH-A2-ROUTES,verified-source-anchored
route,ROUTE-0106,api-service,A2,BATCH-A2-ROUTES,verified-source-anchored
route,ROUTE-0107,api-service,A2,BATCH-A2-ROUTES,verified-source-anchored
route,ROUTE-0108,api-service,A2,BATCH-A2-ROUTES,verified-source-anchored
route,ROUTE-0109,api-service,A2,BATCH-A2-ROUTES,verified-source-anchored
route,ROUTE-0110,api-service,A2,BATCH-A2-ROUTES,verified-source-anchored
route,ROUTE-0111,api-service,A2,BATCH-A2-ROUTES,verified-source-anchored
route,ROUTE-0112,api-service,A2,BATCH-A2-ROUTES,verified-source-anchored
route,ROUTE-0113,api-service,A2,BATCH-A2-ROUTES,verified-source-anchored
route,ROUTE-0114,api-service,A2,BATCH-A2-ROUTES,verified-source-anchored
route,ROUTE-0115,api-service,A2,BATCH-A2-ROUTES,verified-source-anchored
route,ROUTE-0116,api-service,A2,BATCH-A2-ROUTES,verified-source-anchored
route,ROUTE-0117,api-service,A2,BATCH-A2-ROUTES,verified-source-anchored
route,ROUTE-0118,api-service,A2,BATCH-A2-ROUTES,verified-source-anchored
route,ROUTE-0119,api-service,A2,BATCH-A2-ROUTES,verified-source-anchored
route,ROUTE-0120,api-service,A2,BATCH-A2-ROUTES,verified-source-anchored
route,ROUTE-0121,api-service,A2,BATCH-A2-ROUTES,verified-source-anchored
route,ROUTE-0122,api-service,A2,BATCH-A2-ROUTES,verified-source-anchored
route,ROUTE-0123,api-service,A2,BATCH-A2-ROUTES,verified-source-anchored
route,ROUTE-0124,api-service,A2,BATCH-A2-ROUTES,verified-source-anchored
route,ROUTE-0125,api-service,A2,BATCH-A2-ROUTES,verified-source-anchored
route,ROUTE-0126,api-service,A2,BATCH-A2-ROUTES,verified-source-anchored
route,ROUTE-0127,api-service,A2,BATCH-A2-ROUTES,verified-source-anchored
route,ROUTE-0128,api-service,A2,BATCH-A2-ROUTES,verified-source-anchored
route,ROUTE-0129,api-service,A2,BATCH-A2-ROUTES,verified-source-anchored
route,ROUTE-0130,api-service,A2,BATCH-A2-ROUTES,verified-source-anchored
route,ROUTE-0131,api-service,A2,BATCH-A2-ROUTES,verified-source-anchored
route,ROUTE-0132,api-service,A2,BATCH-A2-ROUTES,verified-source-anchored
route,ROUTE-0133,api-service,A2,BATCH-A2-ROUTES,verified-source-anchored
route,ROUTE-0134,api-service,A2,BATCH-A2-ROUTES,verified-source-anchored
route,ROUTE-0135,api-service,A2,BATCH-A2-ROUTES,verified-source-anchored
route,ROUTE-0136,api-service,A2,BATCH-A2-ROUTES,verified-source-anchored
route,ROUTE-0137,api-service,A2,BATCH-A2-ROUTES,verified-source-anchored
route,ROUTE-0138,api-service,A2,BATCH-A2-ROUTES,verified-source-anchored
route,ROUTE-0139,api-service,A2,BATCH-A2-ROUTES,verified-source-anchored
route,ROUTE-0140,api-service,A2,BATCH-A2-ROUTES,verified-source-anchored
route,ROUTE-0141,api-service,A2,BATCH-A2-ROUTES,verified-source-anchored
route,ROUTE-0142,api-service,A2,BATCH-A2-ROUTES,verified-source-anchored
route,ROUTE-0143,api-service,A2,BATCH-A2-ROUTES,verified-source-anchored
route,ROUTE-0144,api-service,A2,BATCH-A2-ROUTES,verified-source-anchored
route,ROUTE-0145,api-service,A2,BATCH-A2-ROUTES,verified-source-anchored
route,ROUTE-0146,api-service,A2,BATCH-A2-ROUTES,verified-source-anchored
route,ROUTE-0147,api-service,A2,BATCH-A2-ROUTES,verified-source-anchored
route,ROUTE-0148,api-service,A2,BATCH-A2-ROUTES,verified-source-anchored
route,ROUTE-0149,api-service,A2,BATCH-A2-ROUTES,verified-source-anchored
route,ROUTE-0150,api-service,A2,BATCH-A2-ROUTES,verified-source-anchored
route,ROUTE-0151,api-service,A2,BATCH-A2-ROUTES,verified-source-anchored
route,ROUTE-0152,api-service,A2,BATCH-A2-ROUTES,verified-source-anchored
route,ROUTE-0153,api-service,A2,BATCH-A2-ROUTES,verified-source-anchored
route,ROUTE-0154,api-service,A2,BATCH-A2-ROUTES,verified-source-anchored
route,ROUTE-0155,api-service,A2,BATCH-A2-ROUTES,verified-source-anchored
route,ROUTE-0156,api-service,A2,BATCH-A2-ROUTES,verified-source-anchored
route,ROUTE-0157,api-service,A2,BATCH-A2-ROUTES,verified-source-anchored
route,ROUTE-0158,api-service,A2,BATCH-A2-ROUTES,verified-source-anchored
route,ROUTE-0159,api-service,A2,BATCH-A2-ROUTES,verified-source-anchored
route,ROUTE-0160,api-service,A2,BATCH-A2-ROUTES,verified-source-anchored
route,ROUTE-0161,api-service,A2,BATCH-A2-ROUTES,verified-source-anchored
route,ROUTE-0162,api-service,A2,BATCH-A2-ROUTES,verified-source-anchored
route,ROUTE-0163,api-service,A2,BATCH-A2-ROUTES,verified-source-anchored
route,ROUTE-0164,api-service,A2,BATCH-A2-ROUTES,verified-source-anchored
route,ROUTE-0165,api-service,A2,BATCH-A2-ROUTES,verified-source-anchored
route,ROUTE-0166,api-service,A2,BATCH-A2-ROUTES,verified-source-anchored
route,ROUTE-0167,api-service,A2,BATCH-A2-ROUTES,verified-source-anchored
route,ROUTE-0168,api-service,A2,BATCH-A2-ROUTES,verified-source-anchored
route,ROUTE-0169,api-service,A2,BATCH-A2-ROUTES,verified-source-anchored
route,ROUTE-0170,api-service,A2,BATCH-A2-ROUTES,verified-source-anchored
route,ROUTE-0171,api-service,A2,BATCH-A2-ROUTES,verified-source-anchored
route,ROUTE-0172,api-service,A2,BATCH-A2-ROUTES,verified-source-anchored
route,ROUTE-0173,api-service,A2,BATCH-A2-ROUTES,verified-source-anchored
route,ROUTE-0174,api-service,A2,BATCH-A2-ROUTES,verified-source-anchored
route,ROUTE-0175,api-service,A2,BATCH-A2-ROUTES,verified-source-anchored
route,ROUTE-0176,api-service,A2,BATCH-A2-ROUTES,verified-source-anchored
route,ROUTE-0177,api-service,A2,BATCH-A2-ROUTES,verified-source-anchored
route,ROUTE-0178,api-service,A2,BATCH-A2-ROUTES,verified-source-anchored
route,ROUTE-0179,api-service,A2,BATCH-A2-ROUTES,verified-source-anchored
route,ROUTE-0180,api-service,A2,BATCH-A2-ROUTES,verified-source-anchored
route,ROUTE-0181,api-service,A2,BATCH-A2-ROUTES,verified-source-anchored
route,ROUTE-0182,api-service,A2,BATCH-A2-ROUTES,verified-source-anchored
route,ROUTE-0183,api-service,A2,BATCH-A2-ROUTES,verified-source-anchored
route,ROUTE-0184,api-service,A2,BATCH-A2-ROUTES,verified-source-anchored
route,ROUTE-0185,api-service,A2,BATCH-A2-ROUTES,verified-source-anchored
route,ROUTE-0186,api-service,A2,BATCH-A2-ROUTES,verified-source-anchored
route,ROUTE-0187,api-service,A2,BATCH-A2-ROUTES,verified-source-anchored
route,ROUTE-0188,api-service,A2,BATCH-A2-ROUTES,verified-source-anchored
route,ROUTE-0189,api-service,A2,BATCH-A2-ROUTES,verified-source-anchored
route,ROUTE-0190,api-service,A2,BATCH-A2-ROUTES,verified-source-anchored
route,ROUTE-0191,api-service,A2,BATCH-A2-ROUTES,verified-source-anchored
route,ROUTE-0192,api-service,A2,BATCH-A2-ROUTES,verified-source-anchored
route,ROUTE-0193,api-service,A2,BATCH-A2-ROUTES,verified-source-anchored
route,ROUTE-0194,api-service,A2,BATCH-A2-ROUTES,verified-source-anchored
route,ROUTE-0195,api-service,A2,BATCH-A2-ROUTES,verified-source-anchored
route,ROUTE-0196,api-service,A2,BATCH-A2-ROUTES,verified-source-anchored
route,ROUTE-0197,api-service,A2,BATCH-A2-ROUTES,verified-source-anchored
route,ROUTE-0198,api-service,A2,BATCH-A2-ROUTES,verified-source-anchored
route,ROUTE-0199,api-service,A2,BATCH-A2-ROUTES,verified-source-anchored
route,ROUTE-0200,api-service,A2,BATCH-A2-ROUTES,verified-source-anchored
route,ROUTE-0201,api-service,A2,BATCH-A2-ROUTES,verified-source-anchored
route,ROUTE-0202,api-service,A2,BATCH-A2-ROUTES,verified-source-anchored
route,ROUTE-0203,api-service,A2,BATCH-A2-ROUTES,verified-source-anchored
route,ROUTE-0204,api-service,A2,BATCH-A2-ROUTES,verified-source-anchored
route,ROUTE-0205,api-service,A2,BATCH-A2-ROUTES,verified-source-anchored
route,ROUTE-0206,api-service,A2,BATCH-A2-ROUTES,verified-source-anchored
route,ROUTE-0207,api-service,A2,BATCH-A2-ROUTES,verified-source-anchored
route,ROUTE-0208,api-service,A2,BATCH-A2-ROUTES,verified-source-anchored
route,ROUTE-0209,api-service,A2,BATCH-A2-ROUTES,verified-source-anchored
route,ROUTE-0210,api-service,A2,BATCH-A2-ROUTES,verified-source-anchored
route,ROUTE-0211,api-service,A2,BATCH-A2-ROUTES,verified-source-anchored
route,ROUTE-0212,api-service,A2,BATCH-A2-ROUTES,verified-source-anchored
route,ROUTE-0213,api-service,A2,BATCH-A2-ROUTES,verified-source-anchored
route,ROUTE-0214,api-service,A2,BATCH-A2-ROUTES,verified-source-anchored
route,ROUTE-0215,api-service,A2,BATCH-A2-ROUTES,verified-source-anchored
route,ROUTE-0216,api-service,A2,BATCH-A2-ROUTES,verified-source-anchored
route,ROUTE-0217,api-service,A2,BATCH-A2-ROUTES,verified-source-anchored
route,ROUTE-0218,api-service,A2,BATCH-A2-ROUTES,verified-source-anchored
route,ROUTE-0219,api-service,A2,BATCH-A2-ROUTES,verified-source-anchored
route,ROUTE-0220,api-service,A2,BATCH-A2-ROUTES,verified-source-anchored
route,ROUTE-0221,api-service,A2,BATCH-A2-ROUTES,verified-source-anchored
route,ROUTE-0222,api-service,A2,BATCH-A2-ROUTES,verified-source-anchored
route,ROUTE-0223,api-service,A2,BATCH-A2-ROUTES,verified-source-anchored
route,ROUTE-0224,api-service,A2,BATCH-A2-ROUTES,verified-source-anchored
route,ROUTE-0225,api-service,A2,BATCH-A2-ROUTES,verified-source-anchored
route,ROUTE-0226,api-service,A2,BATCH-A2-ROUTES,verified-source-anchored
route,ROUTE-0227,api-service,A2,BATCH-A2-ROUTES,verified-source-anchored
route,ROUTE-0228,api-service,A2,BATCH-A2-ROUTES,verified-source-anchored
route,ROUTE-0229,api-service,A2,BATCH-A2-ROUTES,verified-source-anchored
route,ROUTE-0230,api-service,A2,BATCH-A2-ROUTES,verified-source-anchored
route,ROUTE-0231,api-service,A2,BATCH-A2-ROUTES,verified-source-anchored
route,ROUTE-0232,api-service,A2,BATCH-A2-ROUTES,verified-source-anchored
route,ROUTE-0233,api-service,A2,BATCH-A2-ROUTES,verified-source-anchored
route,ROUTE-0234,api-service,A2,BATCH-A2-ROUTES,verified-source-anchored
route,ROUTE-0235,api-service,A2,BATCH-A2-ROUTES,verified-source-anchored
route,ROUTE-0236,api-service,A2,BATCH-A2-ROUTES,verified-source-anchored
route,ROUTE-0237,api-service,A2,BATCH-A2-ROUTES,verified-source-anchored
route,ROUTE-0238,api-service,A2,BATCH-A2-ROUTES,verified-source-anchored
route,ROUTE-0239,api-service,A2,BATCH-A2-ROUTES,verified-source-anchored
route,ROUTE-0240,api-service,A2,BATCH-A2-ROUTES,verified-source-anchored
route,ROUTE-0241,api-service-web,A4,BATCH-A4-ROUTES,verified-source-anchored
route,ROUTE-0242,api-service,A2,BATCH-A2-ROUTES,verified-source-anchored
route,ROUTE-0243,api-service,A2,BATCH-A2-ROUTES,verified-source-anchored
route,ROUTE-0244,api-service,A2,BATCH-A2-ROUTES,verified-source-anchored
route,ROUTE-0245,api-service,A2,BATCH-A2-ROUTES,verified-source-anchored
route,ROUTE-0246,api-service,A2,BATCH-A2-ROUTES,verified-source-anchored
route,ROUTE-0247,api-service,A2,BATCH-A2-ROUTES,verified-source-anchored
route,ROUTE-0248,api-service,A2,BATCH-A2-ROUTES,verified-source-anchored
route,ROUTE-0249,api-service,A2,BATCH-A2-ROUTES,verified-source-anchored
route,ROUTE-0250,api-service,A2,BATCH-A2-ROUTES,verified-source-anchored
route,ROUTE-0251,api-service,A2,BATCH-A2-ROUTES,verified-source-anchored
route,ROUTE-0252,api-service,A2,BATCH-A2-ROUTES,verified-source-anchored
route,ROUTE-0253,api-service,A2,BATCH-A2-ROUTES,verified-source-anchored
route,ROUTE-0254,api-service,A2,BATCH-A2-ROUTES,verified-source-anchored
route,ROUTE-0255,api-service,A2,BATCH-A2-ROUTES,verified-source-anchored
route,ROUTE-0256,api-service,A2,BATCH-A2-ROUTES,verified-source-anchored
route,ROUTE-0257,api-service,A2,BATCH-A2-ROUTES,verified-source-anchored
route,ROUTE-0258,api-service,A2,BATCH-A2-ROUTES,verified-source-anchored
route,ROUTE-0259,api-service,A2,BATCH-A2-ROUTES,verified-source-anchored
route,ROUTE-0260,api-service,A2,BATCH-A2-ROUTES,verified-source-anchored
route,ROUTE-0261,api-service,A2,BATCH-A2-ROUTES,verified-source-anchored
route,ROUTE-0262,api-service,A2,BATCH-A2-ROUTES,verified-source-anchored
route,ROUTE-0263,api-service,A2,BATCH-A2-ROUTES,verified-source-anchored
route,ROUTE-0264,api-service,A2,BATCH-A2-ROUTES,verified-source-anchored
route,ROUTE-0265,api-service,A2,BATCH-A2-ROUTES,verified-source-anchored
route,ROUTE-0266,api-service,A2,BATCH-A2-ROUTES,verified-source-anchored
route,ROUTE-0267,api-service,A2,BATCH-A2-ROUTES,verified-source-anchored
route,ROUTE-0268,api-service,A2,BATCH-A2-ROUTES,verified-source-anchored
route,ROUTE-0269,api-service-keys,A3,BATCH-A3-ROUTES,verified-source-anchored
route,ROUTE-0270,api-service-keys,A3,BATCH-A3-ROUTES,verified-source-anchored
route,ROUTE-0271,api-service-keys,A3,BATCH-A3-ROUTES,verified-source-anchored
route,ROUTE-0272,api-service-keys,A3,BATCH-A3-ROUTES,verified-source-anchored
route,ROUTE-0273,api-service-auth,A4,BATCH-A4-ROUTES,verified-source-anchored
route,ROUTE-0274,api-service-auth,A3,BATCH-A3-ROUTES,verified-source-anchored
route,ROUTE-0275,api-service-auth,A3,BATCH-A3-ROUTES,verified-source-anchored
route,ROUTE-0276,api-service-auth,A3,BATCH-A3-ROUTES,verified-source-anchored
route,ROUTE-0277,api-service-auth,A3,BATCH-A3-ROUTES,verified-source-anchored
route,ROUTE-0278,api-service-auth,A3,BATCH-A3-ROUTES,verified-source-anchored
route,ROUTE-0279,api-service-auth,A3,BATCH-A3-ROUTES,verified-source-anchored
route,ROUTE-0280,api-service-auth,A3,BATCH-A3-ROUTES,verified-source-anchored
route,ROUTE-0281,api-service-auth,A3,BATCH-A3-ROUTES,verified-source-anchored
route,ROUTE-0282,api-service-auth,A4,BATCH-A4-ROUTES,verified-source-anchored
route,ROUTE-0283,api-service-auth,A4,BATCH-A4-ROUTES,verified-source-anchored
route,ROUTE-0284,api-service,A2,BATCH-A2-ROUTES,verified-source-anchored
route,ROUTE-0285,api-service,A2,BATCH-A2-ROUTES,verified-source-anchored
route,ROUTE-0286,api-service,A2,BATCH-A2-ROUTES,verified-source-anchored
route,ROUTE-0287,api-service,A2,BATCH-A2-ROUTES,verified-source-anchored
route,ROUTE-0288,api-service,A2,BATCH-A2-ROUTES,verified-source-anchored
route,ROUTE-0289,api-service,A2,BATCH-A2-ROUTES,verified-source-anchored
route,ROUTE-0290,api-service,A2,BATCH-A2-ROUTES,verified-source-anchored
route,ROUTE-0291,api-service-realtime,A3,BATCH-A3-ROUTES,verified-source-anchored
route,ROUTE-0292,api-service-realtime,A3,BATCH-A3-ROUTES,verified-source-anchored
route,ROUTE-0293,api-service-web,A4,BATCH-A4-ROUTES,verified-source-anchored
route,ROUTE-0294,api-service-web,A4,BATCH-A4-ROUTES,verified-source-anchored
route,ROUTE-0295,registryd-v1,A1,BATCH-A1-ROUTES,verified-source-anchored
route,ROUTE-0296,registryd-v1,A1,BATCH-A1-ROUTES,verified-source-anchored
route,ROUTE-0297,registryd-v1,A1,BATCH-A1-ROUTES,verified-source-anchored
route,ROUTE-0298,registryd-v1,A1,BATCH-A1-ROUTES,verified-source-anchored
route,ROUTE-0299,registryd-v1,A1,BATCH-A1-ROUTES,verified-source-anchored
route,ROUTE-0300,registryd-v1,A1,BATCH-A1-ROUTES,verified-source-anchored
route,ROUTE-0301,registryd-v1,A1,BATCH-A1-ROUTES,verified-source-anchored
route,ROUTE-0302,registryd-v1,A1,BATCH-A1-ROUTES,verified-source-anchored
route,ROUTE-0303,registryd-v1,A1,BATCH-A1-ROUTES,verified-source-anchored
route,ROUTE-0304,registryd-v1,A1,BATCH-A1-ROUTES,verified-source-anchored
route,ROUTE-0305,registryd-v1,A1,BATCH-A1-ROUTES,verified-source-anchored
route,ROUTE-0306,registryd-v1,A1,BATCH-A1-ROUTES,verified-source-anchored
route,ROUTE-0307,registryd-v1,A1,BATCH-A1-ROUTES,verified-source-anchored
route,ROUTE-0308,registryd-v1,A1,BATCH-A1-ROUTES,verified-source-anchored
route,ROUTE-0309,registryd-v1,A1,BATCH-A1-ROUTES,verified-source-anchored
route,ROUTE-0310,registryd-v1,A1,BATCH-A1-ROUTES,verified-source-anchored
route,ROUTE-0311,registryd-v1,A1,BATCH-A1-ROUTES,verified-source-anchored
route,ROUTE-0312,registryd-v1,A1,BATCH-A1-ROUTES,verified-source-anchored
route,ROUTE-0313,registryd-v1,A1,BATCH-A1-ROUTES,verified-source-anchored
route,ROUTE-0314,registryd-v1,A1,BATCH-A1-ROUTES,verified-source-anchored
route,ROUTE-0315,registryd-v1,A1,BATCH-A1-ROUTES,verified-source-anchored
route,ROUTE-0316,registryd-v1,A1,BATCH-A1-ROUTES,verified-source-anchored
route,ROUTE-0317,registryd-v1,A1,BATCH-A1-ROUTES,verified-source-anchored
route,ROUTE-0318,registryd-v1,A1,BATCH-A1-ROUTES,verified-source-anchored
route,ROUTE-0319,registryd-v2,A1,BATCH-A1-ROUTES,verified-source-anchored
route,ROUTE-0320,registryd-v2,A1,BATCH-A1-ROUTES,verified-source-anchored
route,ROUTE-0321,registryd-v2,A1,BATCH-A1-ROUTES,verified-source-anchored
route,ROUTE-0322,registryd-v2,A1,BATCH-A1-ROUTES,verified-source-anchored
route,ROUTE-0323,registryd-v2,A1,BATCH-A1-ROUTES,verified-source-anchored
route,ROUTE-0324,registryd-v2,A1,BATCH-A1-ROUTES,verified-source-anchored
route,ROUTE-0325,registryd-v2,A1,BATCH-A1-ROUTES,verified-source-anchored
route,ROUTE-0326,registryd-v2,A1,BATCH-A1-ROUTES,verified-source-anchored
route,ROUTE-0327,registryd-v2,A1,BATCH-A1-ROUTES,verified-source-anchored
route,ROUTE-0328,registryd-v2,A1,BATCH-A1-ROUTES,verified-source-anchored
route,ROUTE-0329,registryd-v2,A1,BATCH-A1-ROUTES,verified-source-anchored
route,ROUTE-0330,registryd-v2,A1,BATCH-A1-ROUTES,verified-source-anchored
route,ROUTE-0331,registryd-v2,A1,BATCH-A1-ROUTES,verified-source-anchored
route,ROUTE-0332,registryd-v2,A1,BATCH-A1-ROUTES,verified-source-anchored
route,ROUTE-0333,registryd-v2,A1,BATCH-A1-ROUTES,verified-source-anchored
route,ROUTE-0334,registryd-v2,A1,BATCH-A1-ROUTES,verified-source-anchored
route,ROUTE-0335,registryd-v2,A1,BATCH-A1-ROUTES,verified-source-anchored
route,ROUTE-0336,registryd-v2,A1,BATCH-A1-ROUTES,verified-source-anchored
route,ROUTE-0337,registryd-v2,A1,BATCH-A1-ROUTES,verified-source-anchored
route,ROUTE-0338,api-service-secscan,A3,BATCH-A3-ROUTES,verified-source-anchored
route,ROUTE-0339,api-service-secscan,A3,BATCH-A3-ROUTES,verified-source-anchored
route,ROUTE-0340,api-service-secscan,A3,BATCH-A3-ROUTES,verified-source-anchored
route,ROUTE-0341,api-service-web,A4,BATCH-A4-ROUTES,verified-source-anchored
route,ROUTE-0342,api-service-web,A4,BATCH-A4-ROUTES,verified-source-anchored
route,ROUTE-0343,api-service-web,A4,BATCH-A4-ROUTES,verified-source-anchored
route,ROUTE-0344,api-service-web,A4,BATCH-A4-ROUTES,verified-source-anchored
route,ROUTE-0345,api-service-web,A4,BATCH-A4-ROUTES,verified-source-anchored
route,ROUTE-0346,api-service-web,A4,BATCH-A4-ROUTES,verified-source-anchored
route,ROUTE-0347,api-service-web,A4,BATCH-A4-ROUTES,verified-source-anchored
route,ROUTE-0348,api-service-web,A4,BATCH-A4-ROUTES,verified-source-anchored
route,ROUTE-0349,api-service-web,A4,BATCH-A4-ROUTES,verified-source-anchored
route,ROUTE-0350,api-service-web,A4,BATCH-A4-ROUTES,verified-source-anchored
route,ROUTE-0351,api-service-web,A4,BATCH-A4-ROUTES,verified-source-anchored
route,ROUTE-0352,api-service-web,A4,BATCH-A4-ROUTES,verified-source-anchored
route,ROUTE-0353,api-service-web,A4,BATCH-A4-ROUTES,verified-source-anchored
route,ROUTE-0354,api-service-web,A4,BATCH-A4-ROUTES,verified-source-anchored
route,ROUTE-0355,api-service-web,A4,BATCH-A4-ROUTES,verified-source-anchored
route,ROUTE-0356,api-service-web,A4,BATCH-A4-ROUTES,verified-source-anchored
route,ROUTE-0357,api-service-web,A4,BATCH-A4-ROUTES,verified-source-anchored
route,ROUTE-0358,api-service-web,A4,BATCH-A4-ROUTES,verified-source-anchored
route,ROUTE-0359,api-service-web,A4,BATCH-A4-ROUTES,verified-source-anchored
route,ROUTE-0360,api-service-web,A4,BATCH-A4-ROUTES,verified-source-anchored
route,ROUTE-0361,api-service-web,A4,BATCH-A4-ROUTES,verified-source-anchored
route,ROUTE-0362,api-service-web,A4,BATCH-A4-ROUTES,verified-source-anchored
route,ROUTE-0363,api-service-web,A4,BATCH-A4-ROUTES,verified-source-anchored
route,ROUTE-0364,api-service-web,A4,BATCH-A4-ROUTES,verified-source-anchored
route,ROUTE-0365,api-service-web,A4,BATCH-A4-ROUTES,verified-source-anchored
route,ROUTE-0366,api-service-web,A4,BATCH-A4-ROUTES,verified-source-anchored
route,ROUTE-0367,api-service-web,A4,BATCH-A4-ROUTES,verified-source-anchored
route,ROUTE-0368,api-service-web,A4,BATCH-A4-ROUTES,verified-source-anchored
route,ROUTE-0369,api-service-web,A4,BATCH-A4-ROUTES,verified-source-anchored
route,ROUTE-0370,api-service-web,A4,BATCH-A4-ROUTES,verified-source-anchored
route,ROUTE-0371,api-service-web,A4,BATCH-A4-ROUTES,verified-source-anchored
route,ROUTE-0372,api-service-web,A4,BATCH-A4-ROUTES,verified-source-anchored
route,ROUTE-0373,api-service-web,A4,BATCH-A4-ROUTES,verified-source-anchored
route,ROUTE-0374,api-service-web,A4,BATCH-A4-ROUTES,verified-source-anchored
route,ROUTE-0375,api-service-web,A4,BATCH-A4-ROUTES,verified-source-anchored
route,ROUTE-0376,api-service-web,A4,BATCH-A4-ROUTES,verified-source-anchored
route,ROUTE-0377,api-service-web,A4,BATCH-A4-ROUTES,verified-source-anchored
route,ROUTE-0378,api-service-web,A4,BATCH-A4-ROUTES,verified-source-anchored
route,ROUTE-0379,api-service-web,A4,BATCH-A4-ROUTES,verified-source-anchored
route,ROUTE-0380,api-service-web,A4,BATCH-A4-ROUTES,verified-source-anchored
route,ROUTE-0381,api-service-web,A4,BATCH-A4-ROUTES,verified-source-anchored
route,ROUTE-0382,api-service-web,A4,BATCH-A4-ROUTES,verified-source-anchored
route,ROUTE-0383,api-service-web,A4,BATCH-A4-ROUTES,verified-source-anchored
route,ROUTE-0384,api-service-web,A4,BATCH-A4-ROUTES,verified-source-anchored
route,ROUTE-0385,api-service-web,A4,BATCH-A4-ROUTES,verified-source-anchored
route,ROUTE-0386,api-service-web,A4,BATCH-A4-ROUTES,verified-source-anchored
route,ROUTE-0387,api-service-web,A4,BATCH-A4-ROUTES,verified-source-anchored
route,ROUTE-0388,api-service-web,A4,BATCH-A4-ROUTES,verified-source-anchored
route,ROUTE-0389,api-service-web,A4,BATCH-A4-ROUTES,verified-source-anchored
route,ROUTE-0390,api-service-web,A4,BATCH-A4-ROUTES,verified-source-anchored
route,ROUTE-0391,api-service-web,A4,BATCH-A4-ROUTES,verified-source-anchored
route,ROUTE-0392,api-service-web,A4,BATCH-A4-ROUTES,verified-source-anchored
route,ROUTE-0393,api-service-web,A4,BATCH-A4-ROUTES,verified-source-anchored
route,ROUTE-0394,api-service-web,A4,BATCH-A4-ROUTES,verified-source-anchored
route,ROUTE-0395,api-service-web,A4,BATCH-A4-ROUTES,verified-source-anchored
route,ROUTE-0396,api-service-web,A4,BATCH-A4-ROUTES,verified-source-anchored
route,ROUTE-0397,api-service-web,A4,BATCH-A4-ROUTES,verified-source-anchored
route,ROUTE-0398,api-service-web,A4,BATCH-A4-ROUTES,verified-source-anchored
route,ROUTE-0399,api-service-web,A4,BATCH-A4-ROUTES,verified-source-anchored
route,ROUTE-0400,api-service-web,A4,BATCH-A4-ROUTES,verified-source-anchored
route,ROUTE-0401,api-service-web,A4,BATCH-A4-ROUTES,verified-source-anchored
route,ROUTE-0402,api-service-web,A4,BATCH-A4-ROUTES,verified-source-anchored
route,ROUTE-0403,api-service-web,A4,BATCH-A4-ROUTES,verified-source-anchored
route,ROUTE-0404,api-service-web,A4,BATCH-A4-ROUTES,verified-source-anchored
route,ROUTE-0405,api-service-web,A4,BATCH-A4-ROUTES,verified-source-anchored
route,ROUTE-0406,api-service-webhooks,A3,BATCH-A3-ROUTES,verified-source-anchored
route,ROUTE-0407,api-service-webhooks,A3,BATCH-A3-ROUTES,verified-source-anchored
route,ROUTE-0408,api-service-webhooks,A3,BATCH-A3-ROUTES,verified-source-anchored
route,ROUTE-0409,api-service-web,A3,BATCH-A3-ROUTES,verified-source-anchored
route,ROUTE-0410,api-service-web,A3,BATCH-A3-ROUTES,verified-source-anchored
route,ROUTE-0411,api-service-storage,A4,BATCH-A4-ROUTES,verified-source-anchored
route,ROUTE-0412,api-service-storage,A4,BATCH-A4-ROUTES,verified-source-anchored
route,ROUTE-0413,registryd-storage,A4,BATCH-A4-ROUTES,verified-source-anchored
worker,PROC-001,runtime-platform,P0,BATCH-WP0-WORKERS,verified-source-anchored
worker,PROC-002,runtime-platform,P0,BATCH-WP0-WORKERS,verified-source-anchored
worker,PROC-003,runtime-platform,P0,BATCH-WP0-WORKERS,verified-source-anchored
worker,PROC-004,runtime-platform,P0,BATCH-WP0-WORKERS,verified-source-anchored
worker,PROC-005,runtime-platform,P0,BATCH-WP0-WORKERS,verified-source-anchored
worker,PROC-006,runtime-platform,P0,BATCH-WP0-WORKERS,verified-source-anchored
worker,PROC-007,runtime-platform,P0,BATCH-WP0-WORKERS,verified-source-anchored
worker,PROC-008,worker-platform,P0,BATCH-RETIRED-WORKERS,retired-approved
worker,PROC-009,worker-platform,P1,BATCH-WP1-WORKERS,verified-source-anchored
worker,PROC-010,worker-platform,P1,BATCH-WP1-WORKERS,verified-source-anchored
worker,PROC-011,worker-platform,P1,BATCH-WP1-WORKERS,verified-source-anchored
worker,PROC-012,worker-platform,P1,BATCH-WP1-WORKERS,verified-source-anchored
worker,PROC-013,worker-platform,P1,BATCH-WP1-WORKERS,verified-source-anchored
worker,PROC-014,worker-platform,P1,BATCH-WP1-WORKERS,verified-source-anchored
worker,PROC-015,worker-platform,P1,BATCH-WP1-WORKERS,verified-source-anchored
worker,PROC-016,quota-platform,P1,BATCH-WP1-WORKERS,verified-source-anchored
worker,PROC-017,quota-platform,P1,BATCH-WP1-WORKERS,verified-source-anchored
worker,PROC-018,worker-platform,P1,BATCH-WP1-WORKERS,verified-source-anchored
worker,PROC-019,worker-platform,P1,BATCH-WP1-WORKERS,verified-source-anchored
worker,PROC-020,storage-platform,P2,BATCH-WP2-WORKERS,verified-source-anchored
worker,PROC-021,storage-platform,P2,BATCH-WP2-WORKERS,verified-source-anchored
worker,PROC-022,worker-platform,P2,BATCH-WP2-WORKERS,verified-source-anchored
worker,PROC-023,notifications-platform,P2,BATCH-WP2-WORKERS,verified-source-anchored
worker,PROC-024,storage-platform,P2,BATCH-WP2-WORKERS,verified-source-anchored
worker,PROC-025,security-platform,P2,BATCH-WP2-WORKERS,verified-source-anchored
worker,PROC-026,storage-platform,P2,BATCH-WP2-WORKERS,verified-source-anchored
worker,PROC-027,worker-platform,P3,BATCH-WP3-WORKERS,verified-source-anchored
worker,PROC-028,worker-platform,P3,BATCH-WP3-WORKERS,verified-source-anchored
worker,PROC-029,worker-platform,P3,BATCH-WP3-WORKERS,verified-source-anchored
worker,PROC-030,mirror-platform,P3,BATCH-WP3-WORKERS,verified-source-anchored
worker,PROC-031,security-platform,P3,BATCH-WP3-WORKERS,verified-source-anchored
worker,PROC-032,identity-platform,P3,BATCH-WP3-WORKERS,verified-source-anchored
worker,PROC-033,gc-platform,P4,BATCH-WP4-WORKERS,verified-source-anchored
worker,PROC-034,gc-platform,P4,BATCH-WP4-WORKERS,verified-source-anchored
worker,PROC-035,gc-platform,P4,BATCH-WP4-WORKERS,verified-source-anchored
worker,PROC-036,build-platform,P5,BATCH-WP5-WORKERS,verified-source-anchored
runtime-component,RUNTIME-001,platform-observability,W1,RUNTIME-WAVE-W1,planned
runtime-component,RUNTIME-002,platform-analytics,W3,RUNTIME-WAVE-W3,planned
runtime-component,RUNTIME-003,api-realtime,W2,RUNTIME-WAVE-W2,planned
runtime-component,RUNTIME-004,registry-metrics,W1,RUNTIME-WAVE-W1,planned
runtime-component,RUNTIME-005,build-platform,W2,RUNTIME-WAVE-W2,planned
runtime-component,RUNTIME-006,api-service,W2,RUNTIME-WAVE-W2,planned
runtime-component,RUNTIME-007,registryd,W2,RUNTIME-WAVE-W2,planned
runtime-component,RUNTIME-008,billing-entitlements,W3,RUNTIME-WAVE-W3,planned
