route_id,source_file,symbol,method,path_template,auth_mode,decorators,auth_evidence_ref,verification_status,owner_signoff,verification_notes,source_decorator_snapshot,suggested_owner,review_wave,test_evidence_ref,rollback_note,signoff_batch
ROUTE-0241,endpoints/web.py,user_initialize,POST,/api/v1/user/initialize,session-or-oauth2,"web.route(""/api/v1/user/initialize"", methods=[""POST""]); route_show_if(features.USER_INITIALIZE)",endpoints/web.py:1063,verified-source-anchored,,Manual review completed.,,api-service-web,A4,PT-ROUTE-0241,flip `ROUTE_OWNER_API_V1_POST_API_V1_USER_INITIALIZE` -> `python`,BATCH-A4-ROUTES
ROUTE-0273,endpoints/bitbuckettrigger.py,attach_bitbucket_build_trigger,GET,/oauth1/bitbucket/callback/trigger/<trigger_uuid>,session-required,"bitbuckettrigger.route(""/bitbucket/callback/trigger/<trigger_uuid>"", methods=[""GET""]); route_show_if(features.BITBUCKET_BUILD); require_session_login",endpoints/bitbuckettrigger.py:23,verified-source-anchored,,Auto-verified by route_auth_auto_verify.py (session-required-family-match).,require_session_login; route; route_show_if,api-service-auth,A4,PT-ROUTE-0273,flip `ROUTE_OWNER_OAUTH1_GET_OAUTH1_BITBUCKET_CALLBACK_TRIGGER_TRIGGER_UUID` -> `python`,BATCH-A4-ROUTES
ROUTE-0282,endpoints/githubtrigger.py,attach_github_build_trigger,GET,/oauth2/github/callback/trigger/<repopath:repository>,session-required,"githubtrigger.route(""/github/callback/trigger/<repopath:repository>"", methods=[""GET""]); route_show_if(features.GITHUB_BUILD); require_session_login; parse_repository_name()",endpoints/githubtrigger.py:23,verified-source-anchored,,Auto-verified by route_auth_auto_verify.py (session-required-family-match).,parse_repository_name; require_session_login; route; route_show_if,api-service-auth,A4,PT-ROUTE-0282,flip `ROUTE_OWNER_OAUTH2_GET_OAUTH2_GITHUB_CALLBACK_TRIGGER_REPOPATH_REPOSITORY` -> `python`,BATCH-A4-ROUTES
ROUTE-0283,endpoints/gitlabtrigger.py,attach_gitlab_build_trigger,GET,/oauth2/gitlab/callback/trigger,session-required,"gitlabtrigger.route(""/gitlab/callback/trigger"", methods=[""GET""]); route_show_if(features.GITLAB_BUILD); require_session_login",endpoints/gitlabtrigger.py:22,verified-source-anchored,,Auto-verified by route_auth_auto_verify.py (session-required-family-match).,require_session_login; route; route_show_if,api-service-auth,A4,PT-ROUTE-0283,flip `ROUTE_OWNER_OAUTH2_GET_OAUTH2_GITLAB_CALLBACK_TRIGGER` -> `python`,BATCH-A4-ROUTES
ROUTE-0293,endpoints/web.py,v1,GET,/v1,legacy-registry-auth,"web.route(""/v1""); web.route(""/v1/""); no_cache",endpoints/web.py:281,verified-source-anchored,,Manual review: /v1 and /v1/ web routes return UI index and are tracked as legacy-registry-auth compatibility surface.,,api-service-web,A4,PT-ROUTE-0293,flip `ROUTE_OWNER_V1_GET_V1` -> `python`,BATCH-A4-ROUTES
ROUTE-0294,endpoints/web.py,v1,GET,/v1/,legacy-registry-auth,"web.route(""/v1""); web.route(""/v1/""); no_cache",endpoints/web.py:281,verified-source-anchored,,Manual review: /v1 and /v1/ web routes return UI index and are tracked as legacy-registry-auth compatibility surface.,,api-service-web,A4,PT-ROUTE-0294,flip `ROUTE_OWNER_V1_GET_V1` -> `python`,BATCH-A4-ROUTES
ROUTE-0341,endpoints/web.py,index,GET,/,session-or-anon-ui,"web.route(""/"", methods=[""GET""], defaults={""path"": """"}); no_cache",endpoints/web.py:107,verified-source-anchored,,Auto-verified by route_auth_auto_verify.py (web-ui-family-match).,no_cache; route,api-service-web,A4,PT-ROUTE-0341,flip `ROUTE_OWNER_WEB_GET` -> `python`,BATCH-A4-ROUTES
ROUTE-0342,endpoints/web.py,not_found_error_display,GET,/404,session-or-anon-ui,"web.errorhandler(404); web.route(""/404"", methods=[""GET""])",endpoints/web.py:124,verified-source-anchored,,Auto-verified by route_auth_auto_verify.py (web-ui-family-match).,errorhandler; route,api-service-web,A4,PT-ROUTE-0342,flip `ROUTE_OWNER_WEB_GET_404` -> `python`,BATCH-A4-ROUTES
ROUTE-0343,endpoints/web.py,internal_error_display,GET,/500,session-or-anon-ui,"web.route(""/500"", methods=[""GET""])",endpoints/web.py:118,verified-source-anchored,,Auto-verified by route_auth_auto_verify.py (web-ui-family-match).,route,api-service-web,A4,PT-ROUTE-0343,flip `ROUTE_OWNER_WEB_GET_500` -> `python`,BATCH-A4-ROUTES
ROUTE-0344,endpoints/web.py,redirect_to_namespace,GET,/<namespace>,session-or-anon-ui,"web.route(""/<namespace>""); web.route(""/<namespace>/""); no_cache; process_oauth; anon_protect",endpoints/web.py:1039,verified-source-anchored,,Auto-verified by route_auth_auto_verify.py (web-ui-family-match).,anon_protect; no_cache; process_oauth; route,api-service-web,A4,PT-ROUTE-0344,flip `ROUTE_OWNER_WEB_GET_NAMESPACE` -> `python`,BATCH-A4-ROUTES
ROUTE-0345,endpoints/web.py,redirect_to_namespace,GET,/<namespace>/,session-or-anon-ui,"web.route(""/<namespace>""); web.route(""/<namespace>/""); no_cache; process_oauth; anon_protect",endpoints/web.py:1039,verified-source-anchored,,Auto-verified by route_auth_auto_verify.py (web-ui-family-match).,anon_protect; no_cache; process_oauth; route,api-service-web,A4,PT-ROUTE-0345,flip `ROUTE_OWNER_WEB_GET_NAMESPACE` -> `python`,BATCH-A4-ROUTES
ROUTE-0346,endpoints/web.py,redirect_to_repository,GET,/<repopathredirect:repository>,session-or-anon-ui,"web.route(""/<repopathredirect:repository>""); web.route(""/<repopathredirect:repository>/""); no_cache; process_oauth; parse_repository_name(include_tag=True); anon_protect",endpoints/web.py:987,verified-source-anchored,,Auto-verified by route_auth_auto_verify.py (web-ui-family-match).,anon_protect; no_cache; parse_repository_name; process_oauth; route,api-service-web,A4,PT-ROUTE-0346,flip `ROUTE_OWNER_WEB_GET_REPOPATHREDIRECT_REPOSITORY` -> `python`,BATCH-A4-ROUTES
ROUTE-0347,endpoints/web.py,redirect_to_repository,GET,/<repopathredirect:repository>/,session-or-anon-ui,"web.route(""/<repopathredirect:repository>""); web.route(""/<repopathredirect:repository>/""); no_cache; process_oauth; parse_repository_name(include_tag=True); anon_protect",endpoints/web.py:987,verified-source-anchored,,Auto-verified by route_auth_auto_verify.py (web-ui-family-match).,anon_protect; no_cache; parse_repository_name; process_oauth; route,api-service-web,A4,PT-ROUTE-0347,flip `ROUTE_OWNER_WEB_GET_REPOPATHREDIRECT_REPOSITORY` -> `python`,BATCH-A4-ROUTES
ROUTE-0348,endpoints/web.py,exp,GET,/__exp/<expname>,session-or-anon-ui,"web.route(""/__exp/<expname>""); no_cache",endpoints/web.py:274,verified-source-anchored,,Auto-verified by route_auth_auto_verify.py (web-ui-family-match).,no_cache; route,api-service-web,A4,PT-ROUTE-0348,flip `ROUTE_OWNER_WEB_GET_EXP_EXPNAME` -> `python`,BATCH-A4-ROUTES
ROUTE-0349,endpoints/web.py,internal_ping,GET,/_internal_ping,anon-allowed,"web.route(""/_internal_ping""); anon_allowed",endpoints/web.py:113,verified-source-anchored,,Auto-verified by route_auth_auto_verify.py (anon-allowed-family-match).,anon_allowed; route,api-service-web,A4,PT-ROUTE-0349,flip `ROUTE_OWNER_WEB_GET_INTERNAL_PING` -> `python`,BATCH-A4-ROUTES
ROUTE-0350,endpoints/web.py,about,GET,/about/,session-or-anon-ui,"web.route(""/about/""); no_cache",endpoints/web.py:223,verified-source-anchored,,Auto-verified by route_auth_auto_verify.py (web-ui-family-match).,no_cache; route,api-service-web,A4,PT-ROUTE-0350,flip `ROUTE_OWNER_WEB_GET_ABOUT` -> `python`,BATCH-A4-ROUTES
ROUTE-0351,endpoints/web.py,confirm_repo_email,GET,/authrepoemail,session-or-anon-ui,"web.route(""/authrepoemail"", methods=[""GET""]); route_show_if(features.MAILING)",endpoints/web.py:511,verified-source-anchored,,Auto-verified by route_auth_auto_verify.py (web-ui-family-match).,route; route_show_if,api-service-web,A4,PT-ROUTE-0351,flip `ROUTE_OWNER_WEB_GET_AUTHREPOEMAIL` -> `python`,BATCH-A4-ROUTES
ROUTE-0352,endpoints/web.py,attach_bitbucket_trigger,GET,/bitbucket/setup/<repopath:repository>,session-required,"web.route(""/bitbucket/setup/<repopath:repository>"", methods=[""GET""]); require_session_login; parse_repository_name(); route_show_if(features.BITBUCKET_BUILD)",endpoints/web.py:925,verified-source-anchored,,Auto-verified by route_auth_auto_verify.py (session-required-family-match).,parse_repository_name; require_session_login; route; route_show_if,api-service-web,A4,PT-ROUTE-0352,flip `ROUTE_OWNER_WEB_GET_BITBUCKET_SETUP_REPOPATH_REPOSITORY` -> `python`,BATCH-A4-ROUTES
ROUTE-0353,endpoints/web.py,buildlogs,GET,/buildlogs/<build_uuid>,session-or-anon-ui,"web.route(""/buildlogs/<build_uuid>"", methods=[""GET""]); route_show_if(features.BUILD_SUPPORT); process_auth_or_cookie",endpoints/web.py:383,verified-source-anchored,,Auto-verified by route_auth_auto_verify.py (web-ui-family-match).,process_auth_or_cookie; route; route_show_if,api-service-web,A4,PT-ROUTE-0353,flip `ROUTE_OWNER_WEB_GET_BUILDLOGS_BUILD_UUID` -> `python`,BATCH-A4-ROUTES
ROUTE-0354,endpoints/web.py,config,GET,/config,anon-allowed,"web.route(""/config"", methods=[""GET"", ""OPTIONS""]); crossorigin(anonymous=False)",endpoints/web.py:1135,verified-source-anchored,,Auto-verified by route_auth_auto_verify.py (anon-allowed-family-match).,crossorigin; route,api-service-web,A4,PT-ROUTE-0354,flip `ROUTE_OWNER_WEB_GET_CONFIG` -> `python`,BATCH-A4-ROUTES
ROUTE-0355,endpoints/web.py,config,OPTIONS,/config,anon-allowed,"web.route(""/config"", methods=[""GET"", ""OPTIONS""]); crossorigin(anonymous=False)",endpoints/web.py:1135,verified-source-anchored,,Auto-verified by route_auth_auto_verify.py (anon-allowed-family-match).,crossorigin; route,api-service-web,A4,PT-ROUTE-0355,flip `ROUTE_OWNER_WEB_OPTIONS_CONFIG` -> `python`,BATCH-A4-ROUTES
ROUTE-0356,endpoints/web.py,confirm_email,GET,/confirm,anon-allowed,"web.route(""/confirm"", methods=[""GET""]); route_show_if(features.MAILING); anon_allowed",endpoints/web.py:538,verified-source-anchored,,Auto-verified by route_auth_auto_verify.py (anon-allowed-family-match).,anon_allowed; route; route_show_if,api-service-web,A4,PT-ROUTE-0356,flip `ROUTE_OWNER_WEB_GET_CONFIRM` -> `python`,BATCH-A4-ROUTES
ROUTE-0357,endpoints/web.py,confirm_invite,GET,/confirminvite,session-or-anon-ui,"web.route(""/confirminvite""); no_cache",endpoints/web.py:241,verified-source-anchored,,Auto-verified by route_auth_auto_verify.py (web-ui-family-match).,no_cache; route,api-service-web,A4,PT-ROUTE-0357,flip `ROUTE_OWNER_WEB_GET_CONFIRMINVITE` -> `python`,BATCH-A4-ROUTES
ROUTE-0358,endpoints/web.py,contact,GET,/contact/,session-or-anon-ui,"web.route(""/contact/""); no_cache",endpoints/web.py:217,verified-source-anchored,,Auto-verified by route_auth_auto_verify.py (web-ui-family-match).,no_cache; route,api-service-web,A4,PT-ROUTE-0358,flip `ROUTE_OWNER_WEB_GET_CONTACT` -> `python`,BATCH-A4-ROUTES
ROUTE-0359,endpoints/web.py,csrf_token,GET,/csrf_token,anon-allowed,"web.route(""/csrf_token"", methods=[""GET"", ""OPTIONS""]); crossorigin(anonymous=False)",endpoints/web.py:1156,verified-source-anchored,,Auto-verified by route_auth_auto_verify.py (anon-allowed-family-match).,crossorigin; route,api-service-web,A4,PT-ROUTE-0359,flip `ROUTE_OWNER_WEB_GET_CSRF_TOKEN` -> `python`,BATCH-A4-ROUTES
ROUTE-0360,endpoints/web.py,csrf_token,OPTIONS,/csrf_token,anon-allowed,"web.route(""/csrf_token"", methods=[""GET"", ""OPTIONS""]); crossorigin(anonymous=False)",endpoints/web.py:1156,verified-source-anchored,,Auto-verified by route_auth_auto_verify.py (anon-allowed-family-match).,crossorigin; route,api-service-web,A4,PT-ROUTE-0360,flip `ROUTE_OWNER_WEB_OPTIONS_CSRF_TOKEN` -> `python`,BATCH-A4-ROUTES
ROUTE-0361,endpoints/web.py,attach_custom_build_trigger,GET,/customtrigger/setup/<repopath:repository>,session-required,"web.route(""/customtrigger/setup/<repopath:repository>"", methods=[""GET""]); require_session_login; parse_repository_name()",endpoints/web.py:959,verified-source-anchored,,Auto-verified by route_auth_auto_verify.py (session-required-family-match).,parse_repository_name; require_session_login; route,api-service-web,A4,PT-ROUTE-0361,flip `ROUTE_OWNER_WEB_GET_CUSTOMTRIGGER_SETUP_REPOPATH_REPOSITORY` -> `python`,BATCH-A4-ROUTES
ROUTE-0362,endpoints/web.py,enterprise,GET,/enterprise/,session-or-anon-ui,"web.route(""/enterprise/""); no_cache; route_show_if(features.BILLING)",endpoints/web.py:268,verified-source-anchored,,Auto-verified by route_auth_auto_verify.py (web-ui-family-match).,no_cache; route; route_show_if,api-service-web,A4,PT-ROUTE-0362,flip `ROUTE_OWNER_WEB_GET_ENTERPRISE` -> `python`,BATCH-A4-ROUTES
ROUTE-0363,endpoints/web.py,exportedlogs,GET,/exportedlogs/<file_id>,session-or-anon-ui,"web.route(""/exportedlogs/<file_id>"", methods=[""GET""])",endpoints/web.py:411,verified-source-anchored,,Auto-verified by route_auth_auto_verify.py (web-ui-family-match).,route,api-service-web,A4,PT-ROUTE-0363,flip `ROUTE_OWNER_WEB_GET_EXPORTEDLOGS_FILE_ID` -> `python`,BATCH-A4-ROUTES
ROUTE-0364,endpoints/web.py,guide,GET,/guide/,session-or-anon-ui,"web.route(""/guide/""); no_cache",endpoints/web.py:171,verified-source-anchored,,Auto-verified by route_auth_auto_verify.py (web-ui-family-match).,no_cache; route,api-service-web,A4,PT-ROUTE-0364,flip `ROUTE_OWNER_WEB_GET_GUIDE` -> `python`,BATCH-A4-ROUTES
ROUTE-0365,endpoints/web.py,instance_health,GET,/health,session-or-anon-ui,"web.route(""/health"", methods=[""GET""]); web.route(""/health/instance"", methods=[""GET""]); process_auth_or_cookie; no_cache",endpoints/web.py:301,verified-source-anchored,,Auto-verified by route_auth_auto_verify.py (web-ui-family-match).,no_cache; process_auth_or_cookie; route,api-service-web,A4,PT-ROUTE-0365,flip `ROUTE_OWNER_WEB_GET_HEALTH` -> `python`,BATCH-A4-ROUTES
ROUTE-0366,endpoints/web.py,dbrevision_health,GET,/health/dbrevision,session-or-anon-ui,"web.route(""/health/dbrevision"", methods=[""GET""]); route_show_if(features.BILLING); process_auth_or_cookie; no_cache",endpoints/web.py:336,verified-source-anchored,,Auto-verified by route_auth_auto_verify.py (web-ui-family-match).,no_cache; process_auth_or_cookie; route; route_show_if,api-service-web,A4,PT-ROUTE-0366,flip `ROUTE_OWNER_WEB_GET_HEALTH_DBREVISION` -> `python`,BATCH-A4-ROUTES
ROUTE-0367,endpoints/web.py,enable_health_debug,GET,/health/enabledebug/<secret>,session-or-anon-ui,"web.route(""/health/enabledebug/<secret>"", methods=[""GET""]); no_cache",endpoints/web.py:359,verified-source-anchored,,Auto-verified by route_auth_auto_verify.py (web-ui-family-match).,no_cache; route,api-service-web,A4,PT-ROUTE-0367,flip `ROUTE_OWNER_WEB_GET_HEALTH_ENABLEDEBUG_SECRET` -> `python`,BATCH-A4-ROUTES
ROUTE-0368,endpoints/web.py,endtoend_health,GET,/health/endtoend,session-or-anon-ui,"web.route(""/status"", methods=[""GET""]); web.route(""/health/endtoend"", methods=[""GET""]); process_auth_or_cookie; no_cache",endpoints/web.py:313,verified-source-anchored,,Auto-verified by route_auth_auto_verify.py (web-ui-family-match).,no_cache; process_auth_or_cookie; route,api-service-web,A4,PT-ROUTE-0368,flip `ROUTE_OWNER_WEB_GET_HEALTH_ENDTOEND` -> `python`,BATCH-A4-ROUTES
ROUTE-0369,endpoints/web.py,instance_health,GET,/health/instance,session-or-anon-ui,"web.route(""/health"", methods=[""GET""]); web.route(""/health/instance"", methods=[""GET""]); process_auth_or_cookie; no_cache",endpoints/web.py:301,verified-source-anchored,,Auto-verified by route_auth_auto_verify.py (web-ui-family-match).,no_cache; process_auth_or_cookie; route,api-service-web,A4,PT-ROUTE-0369,flip `ROUTE_OWNER_WEB_GET_HEALTH_INSTANCE` -> `python`,BATCH-A4-ROUTES
ROUTE-0370,endpoints/web.py,warning_health,GET,/health/warning,session-or-anon-ui,"web.route(""/health/warning"", methods=[""GET""]); process_auth_or_cookie; no_cache",endpoints/web.py:324,verified-source-anchored,,Auto-verified by route_auth_auto_verify.py (web-ui-family-match).,no_cache; process_auth_or_cookie; route,api-service-web,A4,PT-ROUTE-0370,flip `ROUTE_OWNER_WEB_GET_HEALTH_WARNING` -> `python`,BATCH-A4-ROUTES
ROUTE-0371,endpoints/web.py,logarchive,GET,/logarchive/<file_id>,session-or-anon-ui,"web.route(""/logarchive/<file_id>"", methods=[""GET""]); route_show_if(features.BUILD_SUPPORT); process_auth_or_cookie",endpoints/web.py:443,verified-source-anchored,,Auto-verified by route_auth_auto_verify.py (web-ui-family-match).,process_auth_or_cookie; route; route_show_if,api-service-web,A4,PT-ROUTE-0371,flip `ROUTE_OWNER_WEB_GET_LOGARCHIVE_FILE_ID` -> `python`,BATCH-A4-ROUTES
ROUTE-0372,endpoints/web.py,new,GET,/new/,session-or-anon-ui,"web.route(""/new/""); no_cache",endpoints/web.py:229,verified-source-anchored,,Auto-verified by route_auth_auto_verify.py (web-ui-family-match).,no_cache; route,api-service-web,A4,PT-ROUTE-0372,flip `ROUTE_OWNER_WEB_GET_NEW` -> `python`,BATCH-A4-ROUTES
ROUTE-0373,endpoints/web.py,exchange_code_for_token,POST,/oauth/access_token,session-or-anon-ui,"web.route(""/oauth/access_token"", methods=[""POST""]); no_cache; param_required(""grant_type"", allow_body=True); param_required(""client_id"", allow_body=True); param_required(""redirect_uri"", allow_body=True); param_required(""code"", allow_body=True); param_required(""scope"", allow_body=True)",endpoints/web.py:903,verified-source-anchored,,Auto-verified by route_auth_auto_verify.py (web-ui-family-match).,no_cache; param_required; route,api-service-web,A4,PT-ROUTE-0373,flip `ROUTE_OWNER_WEB_POST_OAUTH_ACCESS_TOKEN` -> `python`,BATCH-A4-ROUTES
ROUTE-0374,endpoints/web.py,request_authorization_code,GET,/oauth/authorize,session-or-anon-ui,"web.route(""/oauth/authorize"", methods=[""GET""]); no_cache; param_required(""client_id""); param_required(""redirect_uri""); param_required(""scope""); process_auth_or_cookie",endpoints/web.py:722,verified-source-anchored,,Auto-verified by route_auth_auto_verify.py (web-ui-family-match).,no_cache; param_required; process_auth_or_cookie; route,api-service-web,A4,PT-ROUTE-0374,flip `ROUTE_OWNER_WEB_GET_OAUTH_AUTHORIZE` -> `python`,BATCH-A4-ROUTES
ROUTE-0375,endpoints/web.py,assign_user_to_app,POST,/oauth/authorize/assignuser,session-or-anon-ui,"web.route(""/oauth/authorize/assignuser"", methods=[""POST""]); no_cache; param_required(""client_id""); param_required(""redirect_uri""); param_required(""scope""); param_required(""username""); process_auth_or_cookie; csrf_protect()",endpoints/web.py:845,verified-source-anchored,,Auto-verified by route_auth_auto_verify.py (web-ui-family-match).,csrf_protect; no_cache; param_required; process_auth_or_cookie; route,api-service-web,A4,PT-ROUTE-0375,flip `ROUTE_OWNER_WEB_POST_OAUTH_AUTHORIZE_ASSIGNUSER` -> `python`,BATCH-A4-ROUTES
ROUTE-0376,endpoints/web.py,authorize_application,POST,/oauth/authorizeapp,session-or-anon-ui,"web.route(""/oauth/authorizeapp"", methods=[""POST""]); process_auth_or_cookie",endpoints/web.py:637,verified-source-anchored,,Auto-verified by route_auth_auto_verify.py (web-ui-family-match).,process_auth_or_cookie; route,api-service-web,A4,PT-ROUTE-0376,flip `ROUTE_OWNER_WEB_POST_OAUTH_AUTHORIZEAPP` -> `python`,BATCH-A4-ROUTES
ROUTE-0377,endpoints/web.py,deny_application,POST,/oauth/denyapp,session-or-anon-ui,"web.route(""/oauth/denyapp"", methods=[""POST""]); csrf_protect()",endpoints/web.py:702,verified-source-anchored,,Auto-verified by route_auth_auto_verify.py (web-ui-family-match).,csrf_protect; route,api-service-web,A4,PT-ROUTE-0377,flip `ROUTE_OWNER_WEB_POST_OAUTH_DENYAPP` -> `python`,BATCH-A4-ROUTES
ROUTE-0378,endpoints/web.py,opensearch,GET,/opensearch.xml,session-or-anon-ui,"web.route(""/opensearch.xml"")",endpoints/web.py:131,verified-source-anchored,,Auto-verified by route_auth_auto_verify.py (web-ui-family-match).,route,api-service-web,A4,PT-ROUTE-0378,flip `ROUTE_OWNER_WEB_GET_OPENSEARCH_XML` -> `python`,BATCH-A4-ROUTES
ROUTE-0379,endpoints/web.py,org_view,GET,/organization/<path:path>,session-or-anon-ui,"web.route(""/organization/<path:path>"", methods=[""GET""]); web.route(""/organization/<path:path>/"", methods=[""GET""]); no_cache",endpoints/web.py:145,verified-source-anchored,,Auto-verified by route_auth_auto_verify.py (web-ui-family-match).,no_cache; route,api-service-web,A4,PT-ROUTE-0379,flip `ROUTE_OWNER_WEB_GET_ORGANIZATION_PATH_PATH` -> `python`,BATCH-A4-ROUTES
ROUTE-0380,endpoints/web.py,org_view,GET,/organization/<path:path>/,session-or-anon-ui,"web.route(""/organization/<path:path>"", methods=[""GET""]); web.route(""/organization/<path:path>/"", methods=[""GET""]); no_cache",endpoints/web.py:145,verified-source-anchored,,Auto-verified by route_auth_auto_verify.py (web-ui-family-match).,no_cache; route,api-service-web,A4,PT-ROUTE-0380,flip `ROUTE_OWNER_WEB_GET_ORGANIZATION_PATH_PATH` -> `python`,BATCH-A4-ROUTES
ROUTE-0381,endpoints/web.py,organizations,GET,/organizations/,session-or-anon-ui,"web.route(""/organizations/""); web.route(""/organizations/new/""); no_cache",endpoints/web.py:191,verified-source-anchored,,Auto-verified by route_auth_auto_verify.py (web-ui-family-match).,no_cache; route,api-service-web,A4,PT-ROUTE-0381,flip `ROUTE_OWNER_WEB_GET_ORGANIZATIONS` -> `python`,BATCH-A4-ROUTES
ROUTE-0382,endpoints/web.py,organizations,GET,/organizations/new/,session-or-anon-ui,"web.route(""/organizations/""); web.route(""/organizations/new/""); no_cache",endpoints/web.py:191,verified-source-anchored,,Auto-verified by route_auth_auto_verify.py (web-ui-family-match).,no_cache; route,api-service-web,A4,PT-ROUTE-0382,flip `ROUTE_OWNER_WEB_GET_ORGANIZATIONS_NEW` -> `python`,BATCH-A4-ROUTES
ROUTE-0383,endpoints/web.py,plans,GET,/plans/,session-or-anon-ui,"web.route(""/plans/""); no_cache; route_show_if(features.BILLING)",endpoints/web.py:159,verified-source-anchored,,Auto-verified by route_auth_auto_verify.py (web-ui-family-match).,no_cache; route; route_show_if,api-service-web,A4,PT-ROUTE-0383,flip `ROUTE_OWNER_WEB_GET_PLANS` -> `python`,BATCH-A4-ROUTES
ROUTE-0384,endpoints/web.py,privacy,GET,/privacy,session-or-anon-ui,"web.route(""/privacy"", methods=[""GET""]); no_cache",endpoints/web.py:293,verified-source-anchored,,Auto-verified by route_auth_auto_verify.py (web-ui-family-match).,no_cache; route,api-service-web,A4,PT-ROUTE-0384,flip `ROUTE_OWNER_WEB_GET_PRIVACY` -> `python`,BATCH-A4-ROUTES
ROUTE-0385,endpoints/web.py,receipt,GET,/receipt,session-required,"web.route(""/receipt"", methods=[""GET""]); route_show_if(features.BILLING); require_session_login",endpoints/web.py:474,verified-source-anchored,,Auto-verified by route_auth_auto_verify.py (session-required-family-match).,require_session_login; route; route_show_if,api-service-web,A4,PT-ROUTE-0385,flip `ROUTE_OWNER_WEB_GET_RECEIPT` -> `python`,BATCH-A4-ROUTES
ROUTE-0386,endpoints/web.py,confirm_recovery,GET,/recovery,anon-allowed,"web.route(""/recovery"", methods=[""GET""]); route_show_if(features.MAILING); anon_allowed",endpoints/web.py:573,verified-source-anchored,,Auto-verified by route_auth_auto_verify.py (anon-allowed-family-match).,anon_allowed; route; route_show_if,api-service-web,A4,PT-ROUTE-0386,flip `ROUTE_OWNER_WEB_GET_RECOVERY` -> `python`,BATCH-A4-ROUTES
ROUTE-0387,endpoints/web.py,repository,GET,/repository/,session-or-anon-ui,"web.route(""/repository/"", defaults={""path"": """"}); web.route(""/repository/<path:path>"", methods=[""GET""]); no_cache",endpoints/web.py:249,verified-source-anchored,,Auto-verified by route_auth_auto_verify.py (web-ui-family-match).,no_cache; route,api-service-web,A4,PT-ROUTE-0387,flip `ROUTE_OWNER_WEB_GET_REPOSITORY` -> `python`,BATCH-A4-ROUTES
ROUTE-0388,endpoints/web.py,repository,GET,/repository/<path:path>,session-or-anon-ui,"web.route(""/repository/"", defaults={""path"": """"}); web.route(""/repository/<path:path>"", methods=[""GET""]); no_cache",endpoints/web.py:249,verified-source-anchored,,Auto-verified by route_auth_auto_verify.py (web-ui-family-match).,no_cache; route,api-service-web,A4,PT-ROUTE-0388,flip `ROUTE_OWNER_WEB_GET_REPOSITORY_PATH_PATH` -> `python`,BATCH-A4-ROUTES
ROUTE-0389,endpoints/web.py,buildtrigger,GET,/repository/<path:path>/trigger/<trigger>,session-or-anon-ui,"web.route(""/repository/<path:path>/trigger/<trigger>"", methods=[""GET""]); no_cache",endpoints/web.py:255,verified-source-anchored,,Auto-verified by route_auth_auto_verify.py (web-ui-family-match).,no_cache; route,api-service-web,A4,PT-ROUTE-0389,flip `ROUTE_OWNER_WEB_GET_REPOSITORY_PATH_PATH_TRIGGER_TRIGGER` -> `python`,BATCH-A4-ROUTES
ROUTE-0390,endpoints/web.py,build_status_badge,GET,/repository/<repopath:repository>/status,session-or-anon-ui,"web.route(""/repository/<repopath:repository>/status"", methods=[""GET""]); parse_repository_name(); anon_protect",endpoints/web.py:594,verified-source-anchored,,Auto-verified by route_auth_auto_verify.py (web-ui-family-match).,anon_protect; parse_repository_name; route,api-service-web,A4,PT-ROUTE-0390,flip `ROUTE_OWNER_WEB_GET_REPOSITORY_REPOPATH_REPOSITORY_STATUS` -> `python`,BATCH-A4-ROUTES
ROUTE-0391,endpoints/web.py,robots,GET,/robots.txt,session-or-anon-ui,"web.route(""/robots.txt"", methods=[""GET""])",endpoints/web.py:374,verified-source-anchored,,Auto-verified by route_auth_auto_verify.py (web-ui-family-match).,route,api-service-web,A4,PT-ROUTE-0391,flip `ROUTE_OWNER_WEB_GET_ROBOTS_TXT` -> `python`,BATCH-A4-ROUTES
ROUTE-0392,endpoints/web.py,search,GET,/search,session-or-anon-ui,"web.route(""/search""); no_cache",endpoints/web.py:165,verified-source-anchored,,Auto-verified by route_auth_auto_verify.py (web-ui-family-match).,no_cache; route,api-service-web,A4,PT-ROUTE-0392,flip `ROUTE_OWNER_WEB_GET_SEARCH` -> `python`,BATCH-A4-ROUTES
ROUTE-0393,endpoints/web.py,security,GET,/security/,session-or-anon-ui,"web.route(""/security/""); no_cache",endpoints/web.py:261,verified-source-anchored,,Auto-verified by route_auth_auto_verify.py (web-ui-family-match).,no_cache; route,api-service-web,A4,PT-ROUTE-0393,flip `ROUTE_OWNER_WEB_GET_SECURITY` -> `python`,BATCH-A4-ROUTES
ROUTE-0394,endpoints/web.py,setup,GET,/setup/,session-or-anon-ui,"web.route(""/setup/""); no_cache; route_show_if(features.SUPER_USERS)",endpoints/web.py:205,verified-source-anchored,,Auto-verified by route_auth_auto_verify.py (web-ui-family-match).,no_cache; route; route_show_if,api-service-web,A4,PT-ROUTE-0394,flip `ROUTE_OWNER_WEB_GET_SETUP` -> `python`,BATCH-A4-ROUTES
ROUTE-0395,endpoints/web.py,signin,GET,/signin/,session-or-anon-ui,"web.route(""/signin/""); no_cache",endpoints/web.py:211,verified-source-anchored,,Auto-verified by route_auth_auto_verify.py (web-ui-family-match).,no_cache; route,api-service-web,A4,PT-ROUTE-0395,flip `ROUTE_OWNER_WEB_GET_SIGNIN` -> `python`,BATCH-A4-ROUTES
ROUTE-0396,endpoints/web.py,endtoend_health,GET,/status,session-or-anon-ui,"web.route(""/status"", methods=[""GET""]); web.route(""/health/endtoend"", methods=[""GET""]); process_auth_or_cookie; no_cache",endpoints/web.py:313,verified-source-anchored,,Auto-verified by route_auth_auto_verify.py (web-ui-family-match).,no_cache; process_auth_or_cookie; route,api-service-web,A4,PT-ROUTE-0396,flip `ROUTE_OWNER_WEB_GET_STATUS` -> `python`,BATCH-A4-ROUTES
ROUTE-0397,endpoints/web.py,superuser,GET,/superuser/,session-or-anon-ui,"web.route(""/superuser/""); no_cache; route_show_if(features.SUPER_USERS)",endpoints/web.py:198,verified-source-anchored,,Auto-verified by route_auth_auto_verify.py (web-ui-family-match).,no_cache; route; route_show_if,api-service-web,A4,PT-ROUTE-0397,flip `ROUTE_OWNER_WEB_GET_SUPERUSER` -> `python`,BATCH-A4-ROUTES
ROUTE-0398,endpoints/web.py,tos,GET,/tos,session-or-anon-ui,"web.route(""/tos"", methods=[""GET""]); no_cache",endpoints/web.py:287,verified-source-anchored,,Auto-verified by route_auth_auto_verify.py (web-ui-family-match).,no_cache; route,api-service-web,A4,PT-ROUTE-0398,flip `ROUTE_OWNER_WEB_GET_TOS` -> `python`,BATCH-A4-ROUTES
ROUTE-0399,endpoints/web.py,tour,GET,/tour/,session-or-anon-ui,"web.route(""/tour/""); web.route(""/tour/<path:path>""); no_cache",endpoints/web.py:178,verified-source-anchored,,Auto-verified by route_auth_auto_verify.py (web-ui-family-match).,no_cache; route,api-service-web,A4,PT-ROUTE-0399,flip `ROUTE_OWNER_WEB_GET_TOUR` -> `python`,BATCH-A4-ROUTES
ROUTE-0400,endpoints/web.py,tour,GET,/tour/<path:path>,session-or-anon-ui,"web.route(""/tour/""); web.route(""/tour/<path:path>""); no_cache",endpoints/web.py:178,verified-source-anchored,,Auto-verified by route_auth_auto_verify.py (web-ui-family-match).,no_cache; route,api-service-web,A4,PT-ROUTE-0400,flip `ROUTE_OWNER_WEB_GET_TOUR_PATH_PATH` -> `python`,BATCH-A4-ROUTES
ROUTE-0401,endpoints/web.py,tutorial,GET,/tutorial/,session-or-anon-ui,"web.route(""/tutorial/""); no_cache",endpoints/web.py:184,verified-source-anchored,,Auto-verified by route_auth_auto_verify.py (web-ui-family-match).,no_cache; route,api-service-web,A4,PT-ROUTE-0401,flip `ROUTE_OWNER_WEB_GET_TUTORIAL` -> `python`,BATCH-A4-ROUTES
ROUTE-0402,endpoints/web.py,updateuser,GET,/updateuser,session-or-anon-ui,"web.route(""/updateuser""); no_cache",endpoints/web.py:235,verified-source-anchored,,Auto-verified by route_auth_auto_verify.py (web-ui-family-match).,no_cache; route,api-service-web,A4,PT-ROUTE-0402,flip `ROUTE_OWNER_WEB_GET_UPDATEUSER` -> `python`,BATCH-A4-ROUTES
ROUTE-0403,endpoints/web.py,user_view,GET,/user/<path:path>,session-or-anon-ui,"web.route(""/user/<path:path>"", methods=[""GET""]); web.route(""/user/<path:path>/"", methods=[""GET""]); no_cache",endpoints/web.py:152,verified-source-anchored,,Auto-verified by route_auth_auto_verify.py (web-ui-family-match).,no_cache; route,api-service-web,A4,PT-ROUTE-0403,flip `ROUTE_OWNER_WEB_GET_USER_PATH_PATH` -> `python`,BATCH-A4-ROUTES
ROUTE-0404,endpoints/web.py,user_view,GET,/user/<path:path>/,session-or-anon-ui,"web.route(""/user/<path:path>"", methods=[""GET""]); web.route(""/user/<path:path>/"", methods=[""GET""]); no_cache",endpoints/web.py:152,verified-source-anchored,,Auto-verified by route_auth_auto_verify.py (web-ui-family-match).,no_cache; route,api-service-web,A4,PT-ROUTE-0404,flip `ROUTE_OWNER_WEB_GET_USER_PATH_PATH` -> `python`,BATCH-A4-ROUTES
ROUTE-0405,endpoints/web.py,oauth_local_handler,GET,"<app.config[""LOCAL_OAUTH_HANDLER""]>",session-or-anon-ui,"web.route(app.config[""LOCAL_OAUTH_HANDLER""], methods=[""GET""])",endpoints/web.py:684,verified-source-anchored,,Auto-verified by route_auth_auto_verify.py (web-ui-family-match).,route,api-service-web,A4,PT-ROUTE-0405,flip `ROUTE_OWNER_WEB_GET_APP_CONFIG_LOCAL_OAUTH_HANDLER` -> `python`,BATCH-A4-ROUTES
ROUTE-0411,data/userfiles.py,UserfilesHandlers,GET,"/userfiles/<regex(""[0-9a-zA-Z-]+""):file_id>",anon-allowed,"app.add_url_rule(..., view_func=UserfilesHandlers.as_view(...))",data/userfiles.py:16,verified-source-anchored,,Manual review: app-level userfiles handler is registered via add_url_rule with direct View methods and no auth decorator requirement (anon-allowed contract).,,api-service-storage,A4,PT-ROUTE-0411,flip `ROUTE_OWNER_OTHER_GET_USERFILES_REGEX_0_9A_ZA_Z_FILE_ID` -> `python`,BATCH-A4-ROUTES
ROUTE-0412,data/userfiles.py,UserfilesHandlers,PUT,"/userfiles/<regex(""[0-9a-zA-Z-]+""):file_id>",anon-allowed,"app.add_url_rule(..., view_func=UserfilesHandlers.as_view(...))",data/userfiles.py:16,verified-source-anchored,,Manual review: app-level userfiles handler is registered via add_url_rule with direct View methods and no auth decorator requirement (anon-allowed contract).,,api-service-storage,A4,PT-ROUTE-0412,flip `ROUTE_OWNER_OTHER_PUT_USERFILES_REGEX_0_9A_ZA_Z_FILE_ID` -> `python`,BATCH-A4-ROUTES
ROUTE-0413,storage/downloadproxy.py,DownloadProxy._validate_proxy_url,GET,/_storage_proxy_auth,storage-proxy-jwt,"app.add_url_rule(""/_storage_proxy_auth"", ""_storage_proxy_auth"", self._validate_proxy_url)",storage/downloadproxy.py,verified-source-anchored,,,,registryd-storage,A4,PT-ROUTE-0413,flip `ROUTE_OWNER_OTHER_GET_STORAGE_PROXY_AUTH` -> `python`,BATCH-A4-ROUTES
